IMAGENAME,ID,RUN,NITE,BAND,IMAGETYPE,CCD,RA,DEC,NAXIS1,NAXIS2,CTYPE1,CTYPE2,CRVAL1,CRVAL2,CRPIX1,CRPIX2,CD1_1,CD1_2,CD2_1,CD2_2,PV1_0,PV1_1,PV1_2,PV1_3,PV1_4,PV1_5,PV1_6,PV1_7,PV1_8,PV1_9,PV1_10,PV2_0,PV2_1,PV2_2,PV2_3,PV2_4,PV2_5,PV2_6,PV2_7,PV2_8,PV2_9,PV2_10
DECam_00271520_01.fits,16754190,20140505085437_20140104,20140104,r,red,1,15.52076,-48.42768,2048,4096,RA---TAN,DEC--TAN,15.99,-49.3,13420,6307.0,-6.99E-8,7.287E-5,-7.29E-5,-6.44E-8,0.004336,1.014,-0.0113,0,0.008866,-0.0166,0.01202,8.534E-4,-0.00747,0.005806,-0.00436,0.002629,0.9932,-0.00942,0,0.008771,0.01826,-0.0107,-0.00374,-0.00939,0.007203,-0.00368
DECam_00271520_02.fits,16754191,20140505085437_20140104,20140104,r,red,2,15.98848,-48.42907,2048,4096,RA---TAN,DEC--TAN,15.99,-49.3,13420,2048.0,-6.99E-8,7.287E-5,-7.29E-5,-6.44E-8,-0.00319,1.012,0.006323,0,-0.00144,-0.0156,-0.00483,-0.00218,0.001496,0.006762,0.001693,-0.00575,1.022,-0.00128,0,-0.0255,-0.00109,-0.00801,0.009587,5.271E-4,0.006909,9.019E-4
DECam_00271520_03.fits,16754192,20140505085437_20140104,20140104,r,red,3,16.45681,-48.42816,2048,4096,RA---TAN,DEC--TAN,15.99,-49.3,13420,-2210.0,-6.99E-8,7.287E-5,-7.29E-5,-6.44E-8,2.348E-5,1.015,-0.00359,0,-0.00883,-0.0202,0.00501,7.233E-4,0.007412,0.007877,-0.00208,-0.0089,1.033,0.006125,0,-0.0372,-0.012,-0.00983,0.0137,0.006314,0.005889,0.004106
DECam_00271520_04.fits,16754193,20140505085437_20140104,20140104,r,red,4,15.28407,-48.59043,2048,4096,RA---TAN,DEC--TAN,15.99,-49.3,11170,8437.0,-6.99E-8,7.287E-5,-7.29E-5,-6.44E-8,0.006493,1.016,-0.0184,0,0.01338,-0.0163,0.02272,0.002922,-0.00915,0.004867,-0.00957,-0.00106,0.9958,-0.0173,0,0.02314,0.04556,-0.00484,-0.0169,-0.0251,0.01049,0.002275
DECam_00271520_05.fits,16754194,20140505085437_20140104,20140104,r,red,5,15.75363,-48.59214,2048,4096,RA---TAN,DEC--TAN,15.99,-49.3,11170,4178.0,-6.99E-8,7.287E-5,-7.29E-5,-6.44E-8,6.354E-4,1.007,-5.5E-4,0,0.002133,-0.00354,6.454E-4,-0.00333,-0.00283,-8.47E-4,-4.54E-4,-0.00161,1.008,-0.00116,0,-0.00487,0.003671,-0.00316,-1.77E-5,-0.00228,0.001199,-2.62E-4
DECam_00271520_06.fits,16754195,20140505085437_20140104,20140104,r,red,6,16.22352,-48.59245,2048,4096,RA---TAN,DEC--TAN,15.99,-49.3,11170,-81.7,-6.99E-8,7.287E-5,-7.29E-5,-6.44E-8,-3.96E-4,1.008,-4.73E-4,0,-0.00168,-0.00662,0.001296,-0.0038,0.002837,0.001108,-6.4E-4,0.002066,0.993,5.413E-4,0,0.01455,-0.00248,-0.00297,-0.00855,0.001741,5.089E-4,0.001216
DECam_00271520_07.fits,16754196,20140505085437_20140104,20140104,r,red,7,16.6929,-48.59122,2048,4096,RA---TAN,DEC--TAN,15.99,-49.3,11170,-4340.0,-6.99E-8,7.287E-5,-7.29E-5,-6.44E-8,-0.00213,1.016,9.679E-4,0,-0.00959,-0.0207,0.001803,0.001626,0.00693,0.008835,-0.00199,-0.00519,1.018,0.01007,0,-0.0154,-0.0222,-0.00811,0.00343,0.01261,0.005733,0.002439
DECam_00271520_08.fits,16754197,20140505085437_20140104,20140104,r,red,8,15.046,-48.75301,2048,4096,RA---TAN,DEC--TAN,15.99,-49.3,8914,10570.0,-6.99E-8,7.287E-5,-7.29E-5,-6.44E-8,0.005477,1.016,-0.012,0,0.01349,-0.017,0.01422,0.002879,-0.00947,0.004766,-0.00652,-0.00435,1.015,-0.01,0,-0.00954,0.01962,-0.0105,-8.13E-5,-0.0108,0.005697,-0.00398
DECam_00271520_09.fits,16754198,20140505085437_20140104,20140104,r,red,9,15.51669,-48.75556,2048,4096,RA---TAN,DEC--TAN,15.99,-49.3,8914,6307.0,-6.99E-8,7.287E-5,-7.29E-5,-6.44E-8,0.001319,1.007,-0.00419,0,0.003025,-0.0028,0.008516,-0.00246,-0.00426,-0.00274,-0.0053,-5.74E-4,1.002,-0.00177,0,0.005319,0.002774,-0.00239,-0.00598,-0.00145,-2.58E-5,-9.85E-4
DECam_00271520_10.fits,16754199,20140505085437_20140104,20140104,r,red,10,15.98829,-48.75669,2048,4096,RA---TAN,DEC--TAN,15.99,-49.3,8914,2048.0,-6.99E-8,7.287E-5,-7.29E-5,-6.44E-8,-0.00197,1.004,0.01066,0,-2.05E-4,0.004639,-0.0188,-0.00495,6.757E-4,-0.00735,0.0109,-8.01E-4,1.004,-4.32E-4,0,0.002947,0.001945,4.769E-4,-0.00502,-0.00189,-0.00504,3.685E-4
DECam_00271520_11.fits,16754200,20140505085437_20140104,20140104,r,red,11,16.4598,-48.75613,2048,4096,RA---TAN,DEC--TAN,15.99,-49.3,8914,-2210.0,-6.99E-8,7.287E-5,-7.29E-5,-6.44E-8,-0.00128,1.007,0.001872,0,-0.00282,-0.00367,-0.00258,-0.00221,0.003331,-0.00156,0.001465,-7.97E-4,1.005,2.544E-4,0,6.945E-4,-5.93E-4,-0.00205,-0.00327,1.148E-4,-0.00101,0.001093
DECam_00271520_12.fits,16754201,20140505085437_20140104,20140104,r,red,12,16.93076,-48.7541,2048,4096,RA---TAN,DEC--TAN,15.99,-49.3,8914,-6470.0,-6.99E-8,7.287E-5,-7.29E-5,-6.44E-8,0.008173,1.029,-0.0752,0,-0.0316,-0.0189,0.1431,0.01436,0.001755,0.01485,-0.0907,-0.00466,1.018,0.008183,0,-0.0164,-0.0172,-0.00866,0.004244,0.009561,0.004976,0.003167
DECam_00271520_13.fits,16754202,20140505085437_20140104,20140104,r,red,13,14.80638,-48.91526,2048,4096,RA---TAN,DEC--TAN,15.99,-49.3,6660,12700.0,-6.99E-8,7.287E-5,-7.29E-5,-6.44E-8,0.006673,1.026,-0.00412,0,0.02542,-0.023,-0.00784,0.009597,-0.00254,0.02634,0.02445,-0.00317,1.01,-0.008,0,-0.00485,0.01155,-0.00955,0.005361,0.004141,0.008473,-0.00307
DECam_00271520_14.fits,16754203,20140505085437_20140104,20140104,r,red,14,15.27801,-48.91873,2048,4096,RA---TAN,DEC--TAN,15.99,-49.3,6660,8437.0,-6.99E-8,7.287E-5,-7.29E-5,-6.44E-8,0.00161,1.009,-0.00226,0,0.006756,-0.00313,0.005098,5.966E-4,-0.00365,-0.00271,-0.00436,-5.44E-4,1.004,8.333E-5,0,0.004246,0.004037,0.001535,-0.0081,-0.00465,-0.00225,0.001124
DECam_00271520_15.fits,16754204,20140505085437_20140104,20140104,r,red,15,15.7512,-48.92056,2048,4096,RA---TAN,DEC--TAN,15.99,-49.3,6660,4178.0,-6.99E-8,7.287E-5,-7.29E-5,-6.44E-8,0.001136,1.006,-0.00577,0,8.976E-4,0.001222,0.01388,-0.00461,-0.00246,-0.00616,-0.0112,-0.0024,1.018,-9.83E-4,0,-0.0277,0.006077,-2.79E-4,0.01674,-0.00901,-0.00557,-0.00214
DECam_00271520_16.fits,16754205,20140505085437_20140104,20140104,r,red,16,16.22483,-48.92106,2048,4096,RA---TAN,DEC--TAN,15.99,-49.3,6660,-81.7,-6.99E-8,7.287E-5,-7.29E-5,-6.44E-8,-3.39E-4,1.006,4.968E-4,0,-5.32E-4,8.446E-4,-0.00205,-0.00381,0.001113,-0.00509,0.00187,-3.4E-4,1.001,6.217E-4,0,0.01077,-0.00163,-7.8E-4,-0.0124,0.001015,-8.22E-4,-5.6E-4
DECam_00271520_17.fits,16754206,20140505085437_20140104,20140104,r,red,17,16.69794,-48.91952,2048,4096,RA---TAN,DEC--TAN,15.99,-49.3,6660,-4340.0,-6.99E-8,7.287E-5,-7.29E-5,-6.44E-8,-0.00298,1.006,0.01411,0,-0.00118,-0.00136,-0.0345,-0.00194,-0.00172,0.001613,0.02704,-0.00389,1.034,-0.00273,0,-0.0761,0.005188,0.002388,0.05832,0.006772,-0.0141,0.001444
DECam_00271520_18.fits,16754207,20140505085437_20140104,20140104,r,red,18,17.17008,-48.91649,2048,4096,RA---TAN,DEC--TAN,15.99,-49.3,6660,-8600.0,-6.99E-8,7.287E-5,-7.29E-5,-6.44E-8,-0.00708,1.028,0.007313,0,-0.0288,-0.0194,-0.00482,0.009681,0.01148,0.004139,7.333E-4,-0.00359,1.009,0.01008,0,0.002873,-0.017,-0.0104,-0.0075,0.005715,0.006913,0.003618
DECam_00271520_19.fits,16754208,20140505085437_20140104,20140104,r,red,19,14.80212,-49.0793,2048,4096,RA---TAN,DEC--TAN,15.99,-49.3,4406,12700.0,-6.99E-8,7.287E-5,-7.29E-5,-6.44E-8,0.005165,1.021,0.001321,0,0.02153,-0.0118,-0.0207,0.007025,-0.00803,1.351E-4,0.02913,-0.00192,1.011,-0.00524,0,-0.00535,0.01078,-0.00619,-0.00677,-0.0105,0.001176,-0.00264
DECam_00271520_20.fits,16754209,20140505085437_20140104,20140104,r,red,20,15.27521,-49.08333,2048,4096,RA---TAN,DEC--TAN,15.99,-49.3,4406,8437.0,-6.99E-8,7.287E-5,-7.29E-5,-6.44E-8,9.79E-4,1.006,2.237E-4,0,0.001767,-4.2E-4,-2.76E-4,-0.00212,-1.69E-4,-0.00251,0.001066,-6.24E-4,1.004,-7.85E-4,0,0.007881,0.001803,-8.75E-4,-0.0141,1.434E-4,-0.0013,-3.27E-4
DECam_00271520_21.fits,16754210,20140505085437_20140104,20140104,r,red,21,15.75003,-49.08519,2048,4096,RA---TAN,DEC--TAN,15.99,-49.3,4406,4178.0,-6.99E-8,7.287E-5,-7.29E-5,-6.44E-8,2.574E-4,1.006,7.422E-4,0,-4.87E-4,-8.89E-4,-0.00352,-0.00443,0.002013,-5.16E-4,0.004944,1.472E-5,1.001,4.812E-5,0,0.02149,-0.00159,-7.96E-4,-0.0324,0.004111,-0.0046,-0.00193
DECam_00271520_22.fits,16754211,20140505085437_20140104,20140104,r,red,22,16.22548,-49.08542,2048,4096,RA---TAN,DEC--TAN,15.99,-49.3,4406,-81.7,-6.99E-8,7.287E-5,-7.29E-5,-6.44E-8,-4.98E-4,1.006,0.001213,0,1.093E-4,-3.03E-4,-0.00365,-0.00427,-3.4E-4,-0.00298,0.004718,-2.07E-4,1.005,-2.72E-4,0,0.004185,-1.08E-4,-3.0E-4,-0.00935,-9.04E-4,-0.00272,5.485E-5
DECam_00271520_23.fits,16754212,20140505085437_20140104,20140104,r,red,23,16.70062,-49.084,2048,4096,RA---TAN,DEC--TAN,15.99,-49.3,4406,-4340.0,-6.99E-8,7.287E-5,-7.29E-5,-6.44E-8,-7.84E-4,1.006,-1.78E-4,0,-0.00132,0.002584,-0.00162,-0.00207,-0.00169,-0.00459,0.003187,-2.77E-4,1.005,-2.78E-5,0,0.0031,-7.71E-4,-4.12E-4,-0.00786,1.84E-4,-0.00268,3.386E-4
DECam_00271520_24.fits,16754213,20140505085437_20140104,20140104,r,red,24,17.17394,-49.08074,2048,4096,RA---TAN,DEC--TAN,15.99,-49.3,4406,-8600.0,-6.99E-8,7.287E-5,-7.29E-5,-6.44E-8,-0.00608,1.022,0.009188,0,-0.0236,-0.0122,-0.0206,0.008068,0.007085,0.004695,0.01913,-0.0036,1.02,0.008467,0,-0.034,-0.0185,-0.0092,0.0293,0.0109,0.006798,0.003299
DECam_00271520_25.fits,16754214,20140505085437_20140104,20140104,r,red,25,14.5604,-49.24116,2048,4096,RA---TAN,DEC--TAN,15.99,-49.3,2151,14830.0,-6.99E-8,7.287E-5,-7.29E-5,-6.44E-8,0.01053,1.038,-0.00242,0,0.0433,-0.00427,0.008726,0.01615,-0.0021,0.007001,-0.00231,9.367E-5,1.012,9.011E-4,0,0.001199,0.0167,8.99E-4,-0.00886,-7.14E-4,0.007263,3.601E-4
DECam_00271520_26.fits,16754215,20140505085437_20140104,20140104,r,red,26,15.03477,-49.24599,2048,4096,RA---TAN,DEC--TAN,15.99,-49.3,2151,10570.0,-6.99E-8,7.287E-5,-7.29E-5,-6.44E-8,0.002179,1.01,3.945E-4,0,0.00834,-0.00144,-0.00777,0.001512,-0.00258,-0.0116,0.008428,7.999E-5,1.007,7.496E-4,0,-0.00222,0.003335,0.001203,-0.00434,-0.00381,-0.00115,5.744E-4
DECam_00271520_27.fits,16754216,20140505085437_20140104,20140104,r,red,27,15.51067,-49.2493,2048,4096,RA---TAN,DEC--TAN,15.99,-49.3,2151,6307.0,-6.99E-8,7.287E-5,-7.29E-5,-6.44E-8,7.843E-4,1.006,-4.28E-4,0,0.001495,-0.00385,8.293E-4,-0.0029,-0.00497,-3.06E-4,1.817E-5,-2.69E-4,1.005,1.31E-4,0,7.384E-4,-7.84E-4,9.664E-4,-0.00378,0.00215,-0.00447,8.525E-4
DECam_00271520_28.fits,16754217,20140505085437_20140104,20140104,r,red,28,15.98795,-49.25037,2048,4096,RA---TAN,DEC--TAN,15.99,-49.3,2151,2048.0,-6.99E-8,7.287E-5,-7.29E-5,-6.44E-8,2.93E-4,1.006,-3.49E-4,0,-3.74E-4,-3.0E-4,-1.63E-4,-0.0042,0.00225,-0.00286,3.754E-4,-9.04E-5,1.006,2.692E-4,0,0.001201,5.175E-4,4.251E-6,-0.00983,-0.00211,-0.00286,0.001244
DECam_00271520_29.fits,16754218,20140505085437_20140104,20140104,r,red,29,16.46455,-49.24984,2048,4096,RA---TAN,DEC--TAN,15.99,-49.3,2151,-2210.0,-6.99E-8,7.287E-5,-7.29E-5,-6.44E-8,-6.58E-4,1.006,2.13E-4,0,-9.0E-4,-4.22E-4,-0.00377,-0.0032,-0.0014,0.002703,0.005719,-3.48E-4,1.006,5.606E-4,0,9.619E-4,-9.83E-4,-9.3E-4,-0.00885,-0.00146,-0.00219,7.877E-4
DECam_00271520_30.fits,16754219,20140505085437_20140104,20140104,r,red,30,16.94076,-49.24723,2048,4096,RA---TAN,DEC--TAN,15.99,-49.3,2151,-6470.0,-6.99E-8,7.287E-5,-7.29E-5,-6.44E-8,-0.00189,1.01,1.423E-5,0,-0.00807,-0.00161,0.00185,0.001331,0.001958,-0.00589,6.634E-4,-5.96E-4,1.007,0.001531,0,9.994E-4,-0.00454,-0.00197,-0.0111,0.001466,3.743E-4,8.909E-4
DECam_00271520_31.fits,16754220,20140505085437_20140104,20140104,r,red,31,17.41495,-49.24257,2048,4096,RA---TAN,DEC--TAN,15.99,-49.3,2151,-10700.0,-6.99E-8,7.287E-5,-7.29E-5,-6.44E-8,-0.00851,1.032,0.001746,0,-0.0366,-0.00469,-0.00527,0.01366,0.002698,0.002675,0.00422,-9.69E-4,1.01,0.002333,0,-9.35E-4,-0.0114,-0.00209,-0.00403,0.001584,0.004299,7.206E-4
DECam_00271520_32.fits,16754221,20140505085437_20140104,20140104,r,red,32,14.55519,-49.40543,2048,4096,RA---TAN,DEC--TAN,15.99,-49.3,-103,14830.0,-6.99E-8,7.287E-5,-7.29E-5,-6.44E-8,0.008979,1.034,0.003367,0,0.03804,0.006073,0.008232,0.01424,0.003154,0.006818,0.001682,-8.23E-5,1.01,3.539E-4,0,-0.00461,0.01352,9.067E-4,-0.00982,-0.00252,0.005837,3.125E-4
DECam_00271520_33.fits,16754222,20140505085437_20140104,20140104,r,red,33,15.03123,-49.41067,2048,4096,RA---TAN,DEC--TAN,15.99,-49.3,-103,10570.0,-6.99E-8,7.287E-5,-7.29E-5,-6.44E-8,0.002004,1.01,7.84E-5,0,0.007935,0.001379,-0.00494,0.001419,0.001683,-0.0059,-0.013,1.681E-4,1.007,1.742E-4,0,0.004051,0.002404,3.636E-4,0.001045,0.004372,-0.00188,1.123E-4
DECam_00271520_34.fits,16754223,20140505085437_20140104,20140104,r,red,34,15.50868,-49.414,2048,4096,RA---TAN,DEC--TAN,15.99,-49.3,-103,6307.0,-6.99E-8,7.287E-5,-7.29E-5,-6.44E-8,6.43E-4,1.006,-3.08E-4,0,0.001925,-2.44E-4,-6.89E-4,-0.00185,-7.75E-4,-0.00401,-0.00339,2.046E-4,1.006,-1.83E-4,0,-0.00132,-7.39E-5,-0.00176,-0.0177,0.003533,-0.00465,-0.00211
DECam_00271520_35.fits,16754224,20140505085437_20140104,20140104,r,red,35,15.98727,-49.41528,2048,4096,RA---TAN,DEC--TAN,15.99,-49.3,-103,2048.0,-6.99E-8,7.287E-5,-7.29E-5,-6.44E-8,-2.17E-5,1.006,2.128E-4,0,-7.14E-4,0.001708,0.002874,-0.00528,0.002719,0.006904,0.008527,1.69E-4,1.005,2.719E-6,0,-0.00548,-1.3E-4,3.869E-4,-0.0252,-9.27E-4,-0.00542,0.001132
DECam_00271520_36.fits,16754225,20140505085437_20140104,20140104,r,red,36,16.46554,-49.41459,2048,4096,RA---TAN,DEC--TAN,15.99,-49.3,-103,-2210.0,-6.99E-8,7.287E-5,-7.29E-5,-6.44E-8,-9.6E-4,1.006,-8.96E-4,0,-5.57E-4,7.553E-4,-5.61E-5,-0.0034,-0.00146,-0.00417,3.025E-4,-1.15E-4,1.006,6.877E-4,0,5.452E-4,-0.0013,1.62E-4,-0.00442,-0.00222,-0.00248,1.167E-4
DECam_00271520_37.fits,16754226,20140505085437_20140104,20140104,r,red,37,16.94314,-49.4117,2048,4096,RA---TAN,DEC--TAN,15.99,-49.3,-103,-6470.0,-6.99E-8,7.287E-5,-7.29E-5,-6.44E-8,-0.00379,1.018,-0.0015,0,-0.02,0.009012,0.01032,0.007422,-0.00922,-0.0136,0.01093,-0.00324,1.005,0.01688,0,0.02797,0.01195,-0.026,0.02506,-0.0283,-0.0179,0.01293
DECam_00271520_38.fits,16754227,20140505085437_20140104,20140104,r,red,38,17.41928,-49.40708,2048,4096,RA---TAN,DEC--TAN,15.99,-49.3,-103,-10700.0,-6.99E-8,7.287E-5,-7.29E-5,-6.44E-8,-0.00671,1.025,-0.00371,0,-0.0284,0.007694,-0.0135,0.01047,-0.00324,0.0173,0.01363,0.002582,1.007,-0.00793,0,-0.00406,-0.00561,0.008849,0.01657,0.01026,0.001967,-0.00338
DECam_00271520_39.fits,16754228,20140505085437_20140104,20140104,r,red,39,14.789,-49.57271,2048,4096,RA---TAN,DEC--TAN,15.99,-49.3,-2360,12700.0,-6.99E-8,7.287E-5,-7.29E-5,-6.44E-8,0.005337,1.022,0.002636,0,0.02347,0.01106,-0.00215,0.008022,0.007464,8.4E-5,-0.00537,0.001725,1.007,0.004774,0,-0.00729,0.008791,0.005542,-0.0155,0.00255,0.00262,0.002284
DECam_00271520_40.fits,16754229,20140505085437_20140104,20140104,r,red,40,15.26711,-49.57723,2048,4096,RA---TAN,DEC--TAN,15.99,-49.3,-2360,8437.0,-6.99E-8,7.287E-5,-7.29E-5,-6.44E-8,9.109E-4,1.007,1.804E-4,0,0.002153,0.00241,2.082E-4,-0.00213,0.002764,-0.00348,5.208E-4,6.706E-4,1.006,5.369E-4,0,0.004846,-0.00233,0.001239,0.004583,-0.00201,-0.00454,0.001048
DECam_00271520_41.fits,16754230,20140505085437_20140104,20140104,r,red,41,15.74696,-49.57953,2048,4096,RA---TAN,DEC--TAN,15.99,-49.3,-2360,4178.0,-6.99E-8,7.287E-5,-7.29E-5,-6.44E-8,1.356E-4,1.006,-0.00208,0,-2.36E-4,2.364E-4,-0.00723,-0.00492,-0.00107,-0.00324,-0.0096,7.084E-4,1.006,7.599E-4,0,-0.0022,0.004847,-0.00126,-0.0092,0.009095,-0.0037,-0.00246
DECam_00271520_42.fits,16754231,20140505085437_20140104,20140104,r,red,42,16.22725,-49.57993,2048,4096,RA---TAN,DEC--TAN,15.99,-49.3,-2360,-81.7,-6.99E-8,7.287E-5,-7.29E-5,-6.44E-8,-9.98E-5,1.006,0.002462,0,-0.00164,0.002937,0.01077,-0.00108,-9.88E-4,0.002352,0.01497,9.254E-5,1.001,1.237E-5,0,-0.0181,7.404E-4,0.002129,-0.0278,0.002669,-8.83E-4,-0.00274
DECam_00271520_43.fits,16754232,20140505085437_20140104,20140104,r,red,43,16.70688,-49.57803,2048,4096,RA---TAN,DEC--TAN,15.99,-49.3,-2360,-4340.0,-6.99E-8,7.287E-5,-7.29E-5,-6.44E-8,-0.00109,1.007,2.988E-4,0,-0.00165,0.00456,0.005377,-0.00344,-0.00587,-0.00398,0.007163,5.166E-4,1.006,-3.49E-4,0,0.002359,0.00167,0.001941,-0.00112,-0.00144,-0.00613,-0.00221
DECam_00271520_44.fits,16754233,20140505085437_20140104,20140104,r,red,44,17.18493,-49.57411,2048,4096,RA---TAN,DEC--TAN,15.99,-49.3,-2360,-8600.0,-6.99E-8,7.287E-5,-7.29E-5,-6.44E-8,-0.00516,1.017,-0.0143,0,-0.0158,0.02236,-0.0283,0.004455,-0.011,0.0142,-0.0202,0.001472,0.9956,-0.00753,0,-0.0269,0.008375,0.01186,-0.0291,0.008865,-0.00541,-0.0057
DECam_00271520_45.fits,16754234,20140505085437_20140104,20140104,r,red,45,14.785,-49.73687,2048,4096,RA---TAN,DEC--TAN,15.99,-49.3,-4610,12700.0,-6.99E-8,7.287E-5,-7.29E-5,-6.44E-8,0.006682,1.027,0.005802,0,0.02836,0.01588,0.005035,0.009565,0.01051,0.001939,0.002368,0.003423,1.008,0.009228,0,-0.00313,0.01404,0.009981,-0.00891,0.007214,0.00429,0.003913
DECam_00271520_46.fits,16754235,20140505085437_20140104,20140104,r,red,46,15.26437,-49.74161,2048,4096,RA---TAN,DEC--TAN,15.99,-49.3,-4610,8437.0,-6.99E-8,7.287E-5,-7.29E-5,-6.44E-8,0.001859,1.014,6.573E-4,0,0.004237,0.03381,-0.0187,-0.00282,0.01151,0.02483,-0.0274,0.002696,1.014,0.003492,0,0.01501,0.01076,0.002879,0.004507,0.01034,-2.33E-4,0.001534
DECam_00271520_47.fits,16754236,20140505085437_20140104,20140104,r,red,47,15.74588,-49.74421,2048,4096,RA---TAN,DEC--TAN,15.99,-49.3,-4610,4178.0,-6.99E-8,7.287E-5,-7.29E-5,-6.44E-8,0.001959,1.007,0.01093,0,7.548E-4,0.002823,0.02425,-0.00717,0.003576,-0.00227,0.01863,5.537E-4,1.004,-5.57E-4,0,-0.00446,-7.45E-4,-2.74E-4,-0.00752,3.592E-4,-0.00501,-1.23E-4
DECam_00271520_48.fits,16754237,20140505085437_20140104,20140104,r,red,48,16.22723,-49.74451,2048,4096,RA---TAN,DEC--TAN,15.99,-49.3,-4610,-81.7,-6.99E-8,7.287E-5,-7.29E-5,-6.44E-8,0.001953,1.006,0.0202,0,7.358E-4,0.003737,0.05178,6.105E-4,0.007592,0.003527,0.04321,0.005597,1.043,0.002743,0,0.09773,0.01306,0.003433,0.07975,0.02094,0.01275,0.006022
DECam_00271520_49.fits,16754238,20140505085437_20140104,20140104,r,red,49,16.70874,-49.74246,2048,4096,RA---TAN,DEC--TAN,15.99,-49.3,-4610,-4340.0,-6.99E-8,7.287E-5,-7.29E-5,-6.44E-8,-0.00276,1.012,-0.00728,0,-0.0086,0.01468,-0.0115,0.001632,-0.00465,0.01025,-0.00521,0.00168,1.01,-0.00166,0,0.009448,-0.00159,0.003353,0.004304,3.336E-4,-7.37E-4,-0.00191
DECam_00271520_50.fits,16754239,20140505085437_20140104,20140104,r,red,50,17.18846,-49.73825,2048,4096,RA---TAN,DEC--TAN,15.99,-49.3,-4610,-8600.0,-6.99E-8,7.287E-5,-7.29E-5,-6.44E-8,-0.00439,1.011,-0.0158,0,-0.0112,0.005837,-0.0371,0.003843,-0.00234,0.003988,-0.0275,0.007775,1.012,-0.0258,0,-0.00932,-0.0323,0.02719,-0.0183,-0.0151,0.01224,-0.00975
DECam_00271520_51.fits,16754240,20140505085437_20140104,20140104,r,red,51,15.02181,-49.9038,2048,4096,RA---TAN,DEC--TAN,15.99,-49.3,-6870,10570.0,-6.99E-8,7.287E-5,-7.29E-5,-6.44E-8,0.00446,1.017,0.007366,0,0.01487,0.01544,0.007456,0.003079,0.01111,0.001757,0.003794,0.003345,1.011,0.008379,0,0.005296,0.01555,0.009407,-0.00162,0.008445,0.00456,0.003621
DECam_00271520_52.fits,16754241,20140505085437_20140104,20140104,r,red,52,15.50365,-49.90744,2048,4096,RA---TAN,DEC--TAN,15.99,-49.3,-6870,6307.0,-6.99E-8,7.287E-5,-7.29E-5,-6.44E-8,0.006163,1.003,0.03209,0,0.004519,-0.0105,0.06127,7.227E-4,0.001548,-0.0125,0.03834,0.00114,1.003,0.004926,0,-0.00754,0.0148,0.003537,-0.00948,0.01194,9.432E-4,0.001397
DECam_00271520_53.fits,16754242,20140505085437_20140104,20140104,r,red,53,15.98668,-49.90884,2048,4096,RA---TAN,DEC--TAN,15.99,-49.3,-6870,2048.0,-6.99E-8,7.287E-5,-7.29E-5,-6.44E-8,-8.65E-4,1.007,-0.00505,0,-2.27E-4,0.003347,-0.00888,-0.0034,-1.39E-4,-8.58E-4,-0.00508,-6.24E-4,0.9955,6.935E-4,0,-0.0166,0.002539,7.413E-4,-0.0126,0.002057,-0.00234,-3.84E-4
DECam_00271520_54.fits,16754243,20140505085437_20140104,20140104,r,red,54,16.46933,-49.90815,2048,4096,RA---TAN,DEC--TAN,15.99,-49.3,-6870,-2210.0,-6.99E-8,7.287E-5,-7.29E-5,-6.44E-8,-1.07E-4,1.001,3.414E-4,0,2.312E-4,-0.015,-0.00365,-0.00243,0.001807,-0.0154,-0.00409,6.266E-4,1.001,-0.00569,0,-0.0107,-0.0152,0.004703,-0.0106,-0.0111,0.002499,-0.00169
DECam_00271520_55.fits,16754244,20140505085437_20140104,20140104,r,red,55,16.95124,-49.90486,2048,4096,RA---TAN,DEC--TAN,15.99,-49.3,-6870,-6470.0,-6.99E-8,7.287E-5,-7.29E-5,-6.44E-8,-6.49E-4,1.011,0.006654,0,-0.01,0.005709,0.01181,0.001869,-0.00603,-7.42E-4,0.006836,-0.00316,0.9828,-0.0022,0,-0.0386,-0.00511,0.003706,-0.0251,-0.00294,0.00156,-0.00133
DECam_00271520_56.fits,16754245,20140505085437_20140104,20140104,r,red,56,15.26034,-50.06995,2048,4096,RA---TAN,DEC--TAN,15.99,-49.3,-9120,8437.0,-6.99E-8,7.287E-5,-7.29E-5,-6.44E-8,-0.0294,0.9959,-0.115,0,-0.00187,-0.0156,-0.147,-0.00159,-0.00149,-0.0093,-0.0641,0.02238,1.075,0.02775,0,0.08047,0.05794,0.01747,0.02802,0.03301,0.01115,0.006005
DECam_00271520_57.fits,16754246,20140505085437_20140104,20140104,r,red,57,15.74388,-50.07255,2048,4096,RA---TAN,DEC--TAN,15.99,-49.3,-9120,4178.0,-6.99E-8,7.287E-5,-7.29E-5,-6.44E-8,2.316E-5,1.011,-0.00137,0,0.001973,0.01438,-0.00329,-0.0021,0.002554,0.006547,-0.00221,-0.0128,0.9491,-0.003,0,-0.0717,-0.0114,0.007993,-0.0331,-0.00886,0.002309,0.008648
DECam_00271520_58.fits,16754247,20140505085437_20140104,20140104,r,red,58,16.22836,-50.07286,2048,4096,RA---TAN,DEC--TAN,15.99,-49.3,-9120,-81.7,-6.99E-8,7.287E-5,-7.29E-5,-6.44E-8,-9.34E-4,1.007,-9.23E-4,0,-0.00208,0.004807,-4.22E-4,-0.00279,-0.00257,-1.01E-4,-2.21E-4,0.002724,1.012,-9.28E-4,0,0.01135,-0.00369,0.003474,0.003288,-0.0021,0.001328,-0.00115
DECam_00271520_59.fits,16754248,20140505085437_20140104,20140104,r,red,59,16.71206,-50.0707,2048,4096,RA---TAN,DEC--TAN,15.99,-49.3,-9120,-4340.0,-6.99E-8,7.287E-5,-7.29E-5,-6.44E-8,-0.00298,1.017,-0.00166,0,-0.0116,0.02283,0.002752,0.002594,-0.00783,0.009629,0.00287,0.01856,1.072,-0.0089,0,0.08828,-0.0199,0.007994,0.03597,-0.0123,0.00313,-0.00375
DECam_00271520_60.fits,16754249,20140505085437_20140104,20140104,r,red,60,15.50055,-50.23548,2048,4096,RA---TAN,DEC--TAN,15.99,-49.3,-11400,6307.0,-6.99E-8,7.287E-5,-7.29E-5,-6.44E-8,0.002604,1.004,0.00869,0,0.01341,-0.00869,0.01376,-0.00462,0.0186,-0.0125,0.007383,-4.98E-4,1.005,-0.00133,0,0.009334,-0.00743,0.01435,0.005282,-0.008,0.01563,-2.15E-4
DECam_00271520_61.fits,16754250,20140505085437_20140104,20140104,r,red,61,15.98606,-50.23681,2048,4096,RA---TAN,DEC--TAN,15.99,-49.3,-11400,2048.0,-6.99E-8,7.287E-5,-7.29E-5,-6.44E-8,-6.18E-4,1.011,-0.00192,0,-4.49E-4,0.01404,-0.00191,-0.00231,-2.01E-4,0.005722,-5.87E-4,0.007264,1.028,-6.9E-4,0,0.03198,-0.00138,0.007271,0.01204,-7.19E-4,0.005577,-9.81E-5
DECam_00271520_62.fits,16754251,20140505085437_20140104,20140104,r,red,62,16.4716,-50.23605,2048,4096,RA---TAN,DEC--TAN,15.99,-49.3,-11400,-2210.0,-6.99E-8,7.287E-5,-7.29E-5,-6.44E-8,-0.0447,1.034,-0.142,0,-0.0134,0.05731,-0.152,0.007632,-0.00561,0.02862,-0.0542,0.002917,1.012,-0.00857,0,0.01367,-0.0169,0.008859,0.00492,-0.00899,0.005905,-0.0029
